id,user_id,user_login,user_name,game_id,game_name,type,title,viewer_count,started_at,language,thumbnail_url,tag_ids,tags,_custom_ended_at
46346095340,122635215,nerraa_,nerraa_,515025,Overwatch 2,live,Fourchette,1,2022-11-27T06:54:04Z,fr,https://static-cdn.jtvnw.net/previews-ttv/live_user_nerraa_-{width}x{height}.jpg,"['52d7e4cc-633d-46f5-818c-bb59102d9549', '8bbdb07d-df18-4f82-a928-04a9003e9a7e', 'be60ae5e-d52d-4dc4-b2a1-51c351a35f3d', 'c834d89e-1811-47ed-b429-395b6fbc7412', '6f655045-9989-4ef7-8f85-1edcec42d648']","[]",2022-11-27T08:32:12Z
40547810697,94069234,lechatoo,LechatOo,33214,Fortnite,live,‚ù§ [FR/QC/EN ]  Blabla et Miaw,7,2022-11-27T06:20:23Z,fr,https://static-cdn.jtvnw.net/previews-ttv/live_user_lechatoo-{width}x{height}.jpg,"['6f655045-9989-4ef7-8f85-1edcec42d648', '52d7e4cc-633d-46f5-818c-bb59102d9549', 'c1ea4496-4418-4a4f-bc30-083cfc6a616b', 'dffe48c0-951f-4bc3-a4a6-77a556988b70', '7acaeacc-42dc-41d4-b461-87468f1ad551']","[]",2022-11-27T10:17:01Z
46346411468,759738222,rs_ahmsko,rs_ahmsko,1745202732,FIFA 23,live,Https://,1,2022-11-27T10:30:52Z,fr,https://static-cdn.jtvnw.net/previews-ttv/live_user_rs_ahmsko-{width}x{height}.jpg,"['52d7e4cc-633d-46f5-818c-bb59102d9549', 'ac763b17-7bea-4632-9eb4-d106689ff409', 'f4b7fa12-9f16-439f-a6b9-87efe9ecf3ba', '6f655045-9989-4ef7-8f85-1edcec42d648']","[]",2022-11-27T10:36:55Z
46346295884,793987852,yoginoby_,yoginoby_,493997,Super Mario Odyssey,live,je tente le speedrun,2,2022-11-27T09:38:03Z,fr,https://static-cdn.jtvnw.net/previews-ttv/live_user_yoginoby_-{width}x{height}.jpg,"['be60ae5e-d52d-4dc4-b2a1-51c351a35f3d', '34cd9d78-4b9f-4c3e-a747-bd6f2e15391b', 'ff56eeeb-99ed-4a60-93fc-0b3f05d8661e', '52d7e4cc-633d-46f5-818c-bb59102d9549', 'c9193f35-a88f-4f03-af99-b73fe0db60f3', '6f655045-9989-4ef7-8f85-1edcec42d648']","[]",2022-11-27T10:43:52Z
40119878648,80288467,delux_ch,Delux_CH,512710,Call of Duty: Warzone,live,Premi√®re fois en DMZ!,1,2022-11-27T10:32:09Z,fr,https://static-cdn.jtvnw.net/previews-ttv/live_user_delux_ch-{width}x{height}.jpg,"['6f655045-9989-4ef7-8f85-1edcec42d648', '13c95a9e-a17d-4225-b199-d08cb8e66f40', '52d7e4cc-633d-46f5-818c-bb59102d9549', 'be60ae5e-d52d-4dc4-b2a1-51c351a35f3d', 'f4b7fa12-9f16-439f-a6b9-87efe9ecf3ba']","[]",2022-11-27T11:41:14Z
46346485004,278725660,leandrolelapin81,LeandroLeLapin81,27471,Minecraft,live,|VtuberFR| Stream 12h!/ !instagram !tiktok !discord,2,2022-11-27T11:00:55Z,fr,https://static-cdn.jtvnw.net/previews-ttv/live_user_leandrolelapin81-{width}x{height}.jpg,"['6f655045-9989-4ef7-8f85-1edcec42d648', '9e1c4d59-fb88-4b42-99ce-b2776358c547', '591a48c3-8319-4286-8385-4e423f408d9a', '52d7e4cc-633d-46f5-818c-bb59102d9549']","[]",2022-11-27T12:16:40Z
46346573116,820508754,flaysko51,flaysko51,33214,Fortnite,live,üî¥[live fortnite ] vtuber !vtuber !fortnite !fr !papotage !venez !jouer !gaming !chill !join,2,2022-11-27T11:34:29Z,fr,https://static-cdn.jtvnw.net/previews-ttv/live_user_flaysko51-{width}x{height}.jpg,"['6f655045-9989-4ef7-8f85-1edcec42d648', '13c95a9e-a17d-4225-b199-d08cb8e66f40', '0cb7e377-a308-44e8-91f7-07eea1d96129', 'be60ae5e-d52d-4dc4-b2a1-51c351a35f3d', '65174c7e-8b88-4ed9-9c63-d45beef62457', '52d7e4cc-633d-46f5-818c-bb59102d9549']","[]",2022-11-27T12:39:04Z
40548200521,89427901,nahoc_,Nahoc_,1833197007,Tower of Fantasy,live,[Vtuber QC/FR] Des Abimes puis un tour dans la Dark Zone,1,2022-11-27T12:38:57Z,fr,https://static-cdn.jtvnw.net/previews-ttv/live_user_nahoc_-{width}x{height}.jpg,"['6f655045-9989-4ef7-8f85-1edcec42d648', '7acaeacc-42dc-41d4-b461-87468f1ad551', '6606e54c-f92d-40f6-8257-74977889ccdd', '52d7e4cc-633d-46f5-818c-bb59102d9549']","[]",2022-11-27T12:44:09Z
46346590076,431646215,yuki_akashia,yuki_akashia,509658,Just Chatting,live,Devoir en live et blabla avec le chat   ‚ô•,4,2022-11-27T11:41:19Z,fr,https://static-cdn.jtvnw.net/previews-ttv/live_user_yuki_akashia-{width}x{height}.jpg,"['6f655045-9989-4ef7-8f85-1edcec42d648', 'be60ae5e-d52d-4dc4-b2a1-51c351a35f3d', '52d7e4cc-633d-46f5-818c-bb59102d9549']","[]",2022-11-27T13:27:11Z
46346645148,835546262,kaguyarp,kaguyaRP,512953,Elden Ring,live,FR PC run seamless avec arckain,2,2022-11-27T12:00:45Z,fr,https://static-cdn.jtvnw.net/previews-ttv/live_user_kaguyarp-{width}x{height}.jpg,"['6f655045-9989-4ef7-8f85-1edcec42d648', 'be60ae5e-d52d-4dc4-b2a1-51c351a35f3d', '52d7e4cc-633d-46f5-818c-bb59102d9549']","[]",2022-11-27T13:27:11Z
40120428760,483754137,zoorqueen,ZoorQueen,515025,Overwatch 2,live,Du sel de qualit√© sur overwatch!,3,2022-11-27T13:01:42Z,fr,https://static-cdn.jtvnw.net/previews-ttv/live_user_zoorqueen-{width}x{height}.jpg,"['c2542d6d-cd10-4532-919b-3d19f30a768b', '6f655045-9989-4ef7-8f85-1edcec42d648', '52d7e4cc-633d-46f5-818c-bb59102d9549', 'be60ae5e-d52d-4dc4-b2a1-51c351a35f3d', 'ad18ee82-c0b2-46d4-b4f9-d45994443bd7']","[]",2022-11-27T13:33:43Z
46346721516,147542974,kotmadka,kotmadka,491487,Dead by Daylight,live,chill dbd sunday and maybe more [ENVTuber/VTuberFR],1,2022-11-27T12:26:11Z,fr,https://static-cdn.jtvnw.net/previews-ttv/live_user_kotmadka-{width}x{height}.jpg,"['6f655045-9989-4ef7-8f85-1edcec42d648', 'e203d10c-6cb7-4584-b445-f490bcfcae58', '5532e712-9d64-4830-8ff9-ce83b8dcebfa', '326bf42d-75ab-4701-9862-faf0c6e24fc8', '8bbdb07d-df18-4f82-a928-04a9003e9a7e', '52d7e4cc-633d-46f5-818c-bb59102d9549']","[]",2022-11-27T14:42:52Z
46346921260,786156035,nyaomietv,NyaomieTV,329951934,Pok√©mon Community Game,live,[FR | MOBILE] üíû PokeMMO | 4 √®me badge ! let's go !üíû,6,2022-11-27T13:25:17Z,fr,https://static-cdn.jtvnw.net/previews-ttv/live_user_nyaomietv-{width}x{height}.jpg,"['6f655045-9989-4ef7-8f85-1edcec42d648', 'dffe48c0-951f-4bc3-a4a6-77a556988b70', '52d7e4cc-633d-46f5-818c-bb59102d9549', '81e9d348-82e5-4c4f-a140-d2b3779b912d']","[]",2022-11-27T14:47:57Z
46347234428,186042697,baka_mcelite,baka_mcelite,1757732267,Forza Horizon 5,live,[aide/conseil/Fr]ouverture spin,1,2022-11-27T14:48:26Z,fr,https://static-cdn.jtvnw.net/previews-ttv/live_user_baka_mcelite-{width}x{height}.jpg,"['52d7e4cc-633d-46f5-818c-bb59102d9549', 'be60ae5e-d52d-4dc4-b2a1-51c351a35f3d', '6f655045-9989-4ef7-8f85-1edcec42d648']","[]",2022-11-27T14:51:06Z
46347050604,184130253,walkingkeav,walkingkeav,30921,Rocket League,live,Rocket league live fr goo follow üî•üëåüëè,1,2022-11-27T14:00:34Z,fr,https://static-cdn.jtvnw.net/previews-ttv/live_user_walkingkeav-{width}x{height}.jpg,"['6f655045-9989-4ef7-8f85-1edcec42d648', '52d7e4cc-633d-46f5-818c-bb59102d9549', '26301bb2-91a3-4272-8a9b-5bcea6db0fcd', 'e90b5f6e-4c6e-4003-885b-4d0d5adeb580', 'b3e0b8fd-5bc9-42cd-8663-c94c1bb4daa0']","[]",2022-11-27T15:11:02Z
46347366172,174892925,shroom98,Shroom98,2755,Half-Life,live,[Half Life] Objectif termin√© tout l'univers Half Life a 100%,0,2022-11-27T15:18:36Z,fr,https://static-cdn.jtvnw.net/previews-ttv/live_user_shroom98-{width}x{height}.jpg,"['6f655045-9989-4ef7-8f85-1edcec42d648', 'be60ae5e-d52d-4dc4-b2a1-51c351a35f3d', '52d7e4cc-633d-46f5-818c-bb59102d9549']","[]",2022-11-27T15:22:07Z
46346174780,80748795,zeburiall,ZebUriall,31761,Dragon Age: Inquisition,live,Le Boscret [Vtuber FR] !discord,7,2022-11-27T08:23:22Z,fr,https://static-cdn.jtvnw.net/previews-ttv/live_user_zeburiall-{width}x{height}.jpg,"['6f655045-9989-4ef7-8f85-1edcec42d648', '52d7e4cc-633d-46f5-818c-bb59102d9549']","[]",2022-11-27T15:28:26Z
46347341324,184130253,walkingkeav,walkingkeav,102007682,God of War Ragnar√∂k,live,GOD Of WAR ragnarok live fr goo follow üî•üëåüëè,1,2022-11-27T15:13:00Z,fr,https://static-cdn.jtvnw.net/previews-ttv/live_user_walkingkeav-{width}x{height}.jpg,"['6f655045-9989-4ef7-8f85-1edcec42d648', '52d7e4cc-633d-46f5-818c-bb59102d9549', '26301bb2-91a3-4272-8a9b-5bcea6db0fcd', 'e90b5f6e-4c6e-4003-885b-4d0d5adeb580', 'b3e0b8fd-5bc9-42cd-8663-c94c1bb4daa0']","[]",2022-11-27T15:58:37Z
46347189580,631620857,lootrrr,Lootrrr,16967,The Legend of Zelda: The Wind Waker,live,{vtuber FR/EN} RANDOMIZER ZELDA WINDWINKER jour 2 (reset 1),1,2022-11-27T14:36:20Z,fr,https://static-cdn.jtvnw.net/previews-ttv/live_user_lootrrr-{width}x{height}.jpg,"['52d7e4cc-633d-46f5-818c-bb59102d9549', '6f655045-9989-4ef7-8f85-1edcec42d648']","[]",2022-11-27T16:03:23Z
40548200521,89427901,nahoc_,Nahoc_,1833197007,Tower of Fantasy,live,[Vtuber QC/FR] Des Abimes puis un tour dans la Dark Zone,11,2022-11-27T12:38:57Z,fr,https://static-cdn.jtvnw.net/previews-ttv/live_user_nahoc_-{width}x{height}.jpg,"['6f655045-9989-4ef7-8f85-1edcec42d648', '7acaeacc-42dc-41d4-b461-87468f1ad551', '6606e54c-f92d-40f6-8257-74977889ccdd', '52d7e4cc-633d-46f5-818c-bb59102d9549']","[]",2022-11-27T16:33:39Z
46346741228,421788440,holo_louve,holo_louve,511224,Apex Legends,live,Piou piou piou (!command),5,2022-11-27T12:32:25Z,fr,https://static-cdn.jtvnw.net/previews-ttv/live_user_holo_louve-{width}x{height}.jpg,"['6f655045-9989-4ef7-8f85-1edcec42d648', '52d7e4cc-633d-46f5-818c-bb59102d9549', '81e9d348-82e5-4c4f-a140-d2b3779b912d', 'be60ae5e-d52d-4dc4-b2a1-51c351a35f3d']","[]",2022-11-27T16:38:23Z
46347763644,264360234,oreilyne,Oreilyne,509658,Just Chatting,live,+18 | react de video d'la semaine,5,2022-11-27T16:51:36Z,fr,https://static-cdn.jtvnw.net/previews-ttv/live_user_oreilyne-{width}x{height}.jpg,"['6f655045-9989-4ef7-8f85-1edcec42d648', '52d7e4cc-633d-46f5-818c-bb59102d9549', 'cc8d5abb-39c9-4942-a1ee-e1558512119e', 'be60ae5e-d52d-4dc4-b2a1-51c351a35f3d', 'adc4a830-07f5-457b-95e5-5ab6cc1f9af3', 'd47ba636-e313-4887-ad18-237ef81a5161']","[]",2022-11-27T16:54:59Z
40120522744,430296061,akenoelectric,AkenoElectric,27471,Minecraft,live,DIRECTION L-EN DESSOUS?!!!!! OBJECTIFS 100 FOLLOWS !!!,4,2022-11-27T13:24:34Z,fr,https://static-cdn.jtvnw.net/previews-ttv/live_user_akenoelectric-{width}x{height}.jpg,"['6f655045-9989-4ef7-8f85-1edcec42d648', 'be60ae5e-d52d-4dc4-b2a1-51c351a35f3d', 'ff56eeeb-99ed-4a60-93fc-0b3f05d8661e', '52d7e4cc-633d-46f5-818c-bb59102d9549', '64d9afa6-139a-48d5-ab4e-51d0a92b22de']","[]",2022-11-27T17:32:36Z
46347819548,110169781,shimoritsu,Shimoritsu,264365784,Assassin's Creed II,live,[FR] Pr√©paration Speedrun  (!discord),1,2022-11-27T17:02:36Z,fr,https://static-cdn.jtvnw.net/previews-ttv/live_user_shimoritsu-{width}x{height}.jpg,"['6f655045-9989-4ef7-8f85-1edcec42d648', '52d7e4cc-633d-46f5-818c-bb59102d9549', '1eba3cfe-51cc-460a-8259-bc8bb987f904', 'fd8f5e68-42d3-4544-a273-5fc92dabc568', 'be60ae5e-d52d-4dc4-b2a1-51c351a35f3d']","[]",2022-11-27T17:35:59Z
46347109516,88356889,aleavanihs,AleaVanihs,509660,Art,live,[FR] Reprise de live ! Fanart de Linakoon !,7,2022-11-27T14:15:20Z,fr,https://static-cdn.jtvnw.net/previews-ttv/live_user_aleavanihs-{width}x{height}.jpg,"['6f655045-9989-4ef7-8f85-1edcec42d648', '86bd38a4-8ef9-4e4a-892f-f4d0aa336d67', '02ba4017-ed3b-4b82-ab20-011860784f77', 'df448da8-7082-45b2-92ad-c624dba6551f', 'be60ae5e-d52d-4dc4-b2a1-51c351a35f3d', '52d7e4cc-633d-46f5-818c-bb59102d9549']","[]",2022-11-27T17:39:10Z
46347893356,502467290,kiriotl,kiriotl,515025,Overwatch 2,live,Guess what ?? on va faire les quoti sur Overwatch !!,3,2022-11-27T17:19:26Z,fr,https://static-cdn.jtvnw.net/previews-ttv/live_user_kiriotl-{width}x{height}.jpg,"['c2542d6d-cd10-4532-919b-3d19f30a768b', '6f655045-9989-4ef7-8f85-1edcec42d648', 'be60ae5e-d52d-4dc4-b2a1-51c351a35f3d', '52d7e4cc-633d-46f5-818c-bb59102d9549']","[]",2022-11-27T17:39:10Z
46346843020,633916186,reinathecrybaby,ReinaThecrybaby,509658,Just Chatting,live,ü¶¥Dog girlü¶¥SCARANATION FARM CHILL | !discord !don !lurk,29,2022-11-27T13:02:20Z,fr,https://static-cdn.jtvnw.net/previews-ttv/live_user_reinathecrybaby-{width}x{height}.jpg,"['6f655045-9989-4ef7-8f85-1edcec42d648', '52d7e4cc-633d-46f5-818c-bb59102d9549', 'd47ba636-e313-4887-ad18-237ef81a5161']","[]",2022-11-27T17:43:55Z
46347520956,503221651,xaeleee,XaeLeee,941530474,Mario Kart 8 Deluxe,live,On fait la course! SW-0470-5287-5133 200cc | !giveaway !dreamteam !discord !tiktok,22,2022-11-27T15:54:53Z,fr,https://static-cdn.jtvnw.net/previews-ttv/live_user_xaeleee-{width}x{height}.jpg,"['6f655045-9989-4ef7-8f85-1edcec42d648', '8bbdb07d-df18-4f82-a928-04a9003e9a7e', 'ac763b17-7bea-4632-9eb4-d106689ff409', 'cc8d5abb-39c9-4942-a1ee-e1558512119e', '52d7e4cc-633d-46f5-818c-bb59102d9549', '81e9d348-82e5-4c4f-a140-d2b3779b912d']","[]",2022-11-27T18:16:06Z
40121483144,814211191,gisellewillis,GiselleWillis,21779,League of Legends,live,[VtuberFR]  ARAM TIMEEEE ü•ê  !discord !twitter,2,2022-11-27T16:53:54Z,fr,https://static-cdn.jtvnw.net/previews-ttv/live_user_gisellewillis-{width}x{height}.jpg,"['52d7e4cc-633d-46f5-818c-bb59102d9549', '26301bb2-91a3-4272-8a9b-5bcea6db0fcd', 'dffe48c0-951f-4bc3-a4a6-77a556988b70', 'be60ae5e-d52d-4dc4-b2a1-51c351a35f3d', 'cc8d5abb-39c9-4942-a1ee-e1558512119e', '6f655045-9989-4ef7-8f85-1edcec42d648']","[]",2022-11-27T18:16:06Z
46346702636,278725660,leandrolelapin81,LeandroLeLapin81,515025,Overwatch 2,live,|VtuberFR| Overwatch2 car je m'ennuie: Stream 12h!/ !instagram !tiktok !discord,1,2022-11-27T12:19:59Z,fr,https://static-cdn.jtvnw.net/previews-ttv/live_user_leandrolelapin81-{width}x{height}.jpg,"['6f655045-9989-4ef7-8f85-1edcec42d648', '52d7e4cc-633d-46f5-818c-bb59102d9549', '591a48c3-8319-4286-8385-4e423f408d9a', '9e1c4d59-fb88-4b42-99ce-b2776358c547', 'c2542d6d-cd10-4532-919b-3d19f30a768b']","[]",2022-11-27T18:34:46Z
46348067420,184130253,walkingkeav,walkingkeav,30921,Rocket League,live,Rocket league live fr goo follow üî•üëåüëè,1,2022-11-27T18:01:35Z,fr,https://static-cdn.jtvnw.net/previews-ttv/live_user_walkingkeav-{width}x{height}.jpg,"['6f655045-9989-4ef7-8f85-1edcec42d648', 'b3e0b8fd-5bc9-42cd-8663-c94c1bb4daa0', 'e90b5f6e-4c6e-4003-885b-4d0d5adeb580', '26301bb2-91a3-4272-8a9b-5bcea6db0fcd', '52d7e4cc-633d-46f5-818c-bb59102d9549']","[]",2022-11-27T19:07:56Z
46347545388,29628896,bakanokira,BakaNoKira,1488417149,Evil West,live,[FR/EN] Let's Play #2 Evil West - Co-op avec Kaomi,5,2022-11-27T15:59:55Z,fr,https://static-cdn.jtvnw.net/previews-ttv/live_user_bakanokira-{width}x{height}.jpg,"['6f655045-9989-4ef7-8f85-1edcec42d648', 'd0976a7e-26a7-4a48-9225-c522808540f2', '6606e54c-f92d-40f6-8257-74977889ccdd', '52d7e4cc-633d-46f5-818c-bb59102d9549']","[]",2022-11-27T19:10:43Z
46347346844,40215669,miyanaga_,Miyanaga_,516086,Grounded,live,[ VtuberFR ] a la recherche du couteau T3 ‚òï !discord,2,2022-11-27T15:14:08Z,fr,https://static-cdn.jtvnw.net/previews-ttv/live_user_miyanaga_-{width}x{height}.jpg,"['6f655045-9989-4ef7-8f85-1edcec42d648', 'cc8d5abb-39c9-4942-a1ee-e1558512119e', 'be60ae5e-d52d-4dc4-b2a1-51c351a35f3d', '5c22e65e-dc0e-4611-bc4c-85b7de3dd013', '52d7e4cc-633d-46f5-818c-bb59102d9549']","[]",2022-11-27T19:10:43Z
46348009036,821075373,seikonuxi,SeikoNuxi,513181,Genshin Impact,live,A la recherche des PRIMOS,5,2022-11-27T17:48:06Z,fr,https://static-cdn.jtvnw.net/previews-ttv/live_user_seikonuxi-{width}x{height}.jpg,"['6f655045-9989-4ef7-8f85-1edcec42d648', 'be60ae5e-d52d-4dc4-b2a1-51c351a35f3d', '52d7e4cc-633d-46f5-818c-bb59102d9549']","[]",2022-11-27T19:46:56Z
40121212552,556303548,tizianamickaelis,tizianamickaelis,515025,Overwatch 2,live,[FR/PC] on essaye le mode comp√©titif,3,2022-11-27T15:57:03Z,fr,https://static-cdn.jtvnw.net/previews-ttv/live_user_tizianamickaelis-{width}x{height}.jpg,"['be60ae5e-d52d-4dc4-b2a1-51c351a35f3d', '52d7e4cc-633d-46f5-818c-bb59102d9549', '6f655045-9989-4ef7-8f85-1edcec42d648', 'c2542d6d-cd10-4532-919b-3d19f30a768b']","[]",2022-11-27T19:49:45Z
46348358172,93999843,kuraitsuki,kuraitsuki,509658,Just Chatting,live,~Vtuber~ Live musique Zen d√©tente ‚äπ‚ï∞(‚å£ ü‚å£)‚ïØ‚äπ,2,2022-11-27T19:09:21Z,fr,https://static-cdn.jtvnw.net/previews-ttv/live_user_kuraitsuki-{width}x{height}.jpg,"['6f655045-9989-4ef7-8f85-1edcec42d648', '52d7e4cc-633d-46f5-818c-bb59102d9549', 'be60ae5e-d52d-4dc4-b2a1-51c351a35f3d']","[]",2022-11-27T19:49:45Z
46347500780,573634586,wezuriii,wezuriii,32507,SMITE,live,Road to platine en conqu√®te class√© !   - ( !prime - !commande ),1,2022-11-27T15:50:20Z,fr,https://static-cdn.jtvnw.net/previews-ttv/live_user_wezuriii-{width}x{height}.jpg,"['6f655045-9989-4ef7-8f85-1edcec42d648', '1eba3cfe-51cc-460a-8259-bc8bb987f904', '52d7e4cc-633d-46f5-818c-bb59102d9549', 'be60ae5e-d52d-4dc4-b2a1-51c351a35f3d']","[]",2022-11-27T19:49:45Z
46348017884,110169781,shimoritsu,Shimoritsu,264365784,Assassin's Creed II,live,[FR] Pr√©paration Speedrun  (!discord),2,2022-11-27T17:50:27Z,fr,https://static-cdn.jtvnw.net/previews-ttv/live_user_shimoritsu-{width}x{height}.jpg,"['6f655045-9989-4ef7-8f85-1edcec42d648', 'be60ae5e-d52d-4dc4-b2a1-51c351a35f3d', '52d7e4cc-633d-46f5-818c-bb59102d9549', '1eba3cfe-51cc-460a-8259-bc8bb987f904', 'fd8f5e68-42d3-4544-a273-5fc92dabc568']","[]",2022-11-27T20:04:00Z
46348596604,110169781,shimoritsu,Shimoritsu,264365784,Assassin's Creed II,live,[FR] Pr√©paration Speedrun  (!discord),1,2022-11-27T20:04:03Z,fr,https://static-cdn.jtvnw.net/previews-ttv/live_user_shimoritsu-{width}x{height}.jpg,"['6f655045-9989-4ef7-8f85-1edcec42d648', 'fd8f5e68-42d3-4544-a273-5fc92dabc568', 'be60ae5e-d52d-4dc4-b2a1-51c351a35f3d', '52d7e4cc-633d-46f5-818c-bb59102d9549', '1eba3cfe-51cc-460a-8259-bc8bb987f904']","[]",2022-11-27T20:12:22Z
46348638844,110169781,shimoritsu,Shimoritsu,264365784,Assassin's Creed II,live,[FR] Pr√©paration Speedrun  (!discord),1,2022-11-27T20:13:34Z,fr,https://static-cdn.jtvnw.net/previews-ttv/live_user_shimoritsu-{width}x{height}.jpg,"['6f655045-9989-4ef7-8f85-1edcec42d648', 'fd8f5e68-42d3-4544-a273-5fc92dabc568', '1eba3cfe-51cc-460a-8259-bc8bb987f904', '52d7e4cc-633d-46f5-818c-bb59102d9549', 'be60ae5e-d52d-4dc4-b2a1-51c351a35f3d']","[]",2022-11-27T20:16:49Z
46348658668,110169781,shimoritsu,Shimoritsu,264365784,Assassin's Creed II,live,[FR] Pr√©paration Speedrun  (!discord),1,2022-11-27T20:18:21Z,fr,https://static-cdn.jtvnw.net/previews-ttv/live_user_shimoritsu-{width}x{height}.jpg,"['6f655045-9989-4ef7-8f85-1edcec42d648', 'fd8f5e68-42d3-4544-a273-5fc92dabc568', 'be60ae5e-d52d-4dc4-b2a1-51c351a35f3d', '52d7e4cc-633d-46f5-818c-bb59102d9549', '1eba3cfe-51cc-460a-8259-bc8bb987f904']","[]",2022-11-27T20:23:46Z
46348684092,690080280,berrynuts,BerryNuts,518006,Stray,live,Live ninja ! C'est partie pour une nouvelle chaventure ~,4,2022-11-27T20:25:01Z,fr,https://static-cdn.jtvnw.net/previews-ttv/live_user_berrynuts-{width}x{height}.jpg,"['6f655045-9989-4ef7-8f85-1edcec42d648', '52d7e4cc-633d-46f5-818c-bb59102d9549']","[]",2022-11-27T20:32:18Z
46348610876,502467290,kiriotl,kiriotl,24241,Final Fantasy XIV Online,live,the raccoon is back ‚ú® et guess what ?? on va faire les quoti sur Fefe !!,1,2022-11-27T20:06:59Z,fr,https://static-cdn.jtvnw.net/previews-ttv/live_user_kiriotl-{width}x{height}.jpg,"['6f655045-9989-4ef7-8f85-1edcec42d648', 'be60ae5e-d52d-4dc4-b2a1-51c351a35f3d', '52d7e4cc-633d-46f5-818c-bb59102d9549']","[]",2022-11-27T20:33:58Z
46348526652,756108769,lapetiteyua,LaPetiteYua,515025,Overwatch 2,live,STREAM SUR UN JEU DE GOAT | TRANSGENDER VTUBER | !cmds,2,2022-11-27T19:50:25Z,fr,https://static-cdn.jtvnw.net/previews-ttv/live_user_lapetiteyua-{width}x{height}.jpg,"['6f655045-9989-4ef7-8f85-1edcec42d648', 'c834d89e-1811-47ed-b429-395b6fbc7412', '54b544af-2d0e-4d17-a653-78e3f6fc1fc8', 'be60ae5e-d52d-4dc4-b2a1-51c351a35f3d', '52d7e4cc-633d-46f5-818c-bb59102d9549', 'c2542d6d-cd10-4532-919b-3d19f30a768b']","[]",2022-11-27T20:42:20Z
46348662364,835546262,kaguyarp,kaguyaRP,493551,Conan Exiles,live,FR PC nouveau serveur rp les √Æles c√©lestes o/,1,2022-11-27T20:19:15Z,fr,https://static-cdn.jtvnw.net/previews-ttv/live_user_kaguyarp-{width}x{height}.jpg,"['6f655045-9989-4ef7-8f85-1edcec42d648', '52d7e4cc-633d-46f5-818c-bb59102d9549', 'be60ae5e-d52d-4dc4-b2a1-51c351a35f3d']","[]",2022-11-27T20:53:35Z
46347805212,154054375,catboatandrot,CatboatAndrot,490377,Sea of Thieves,live,[VTubers FR üè≥Ô∏è‚Äçüåà] LeNaufrage.mp4,16,2022-11-27T17:00:03Z,fr,https://static-cdn.jtvnw.net/previews-ttv/live_user_catboatandrot-{width}x{height}.jpg,"['6f655045-9989-4ef7-8f85-1edcec42d648', '8c61b40a-6d96-46f7-a16e-16b5b9166150', '326bf42d-75ab-4701-9862-faf0c6e24fc8', 'd5187ad5-af17-4b61-9ea9-e122f082952a', '8bbdb07d-df18-4f82-a928-04a9003e9a7e', '52d7e4cc-633d-46f5-818c-bb59102d9549']","[]",2022-11-27T20:57:02Z
46348529180,93999843,kuraitsuki,kuraitsuki,515474,Naraka: Bladepoint,live,~Vtuber~ Naraka bladepoint ! ‚äπ‚ï∞(‚å£ ü‚å£)‚ïØ‚äπ,1,2022-11-27T19:50:59Z,fr,https://static-cdn.jtvnw.net/previews-ttv/live_user_kuraitsuki-{width}x{height}.jpg,"['6f655045-9989-4ef7-8f85-1edcec42d648', 'be60ae5e-d52d-4dc4-b2a1-51c351a35f3d', '52d7e4cc-633d-46f5-818c-bb59102d9549']","[]",2022-11-27T20:58:49Z
46348687548,110169781,shimoritsu,Shimoritsu,264365784,Assassin's Creed II,live,[FR] Pr√©paration Speedrun  (!discord),1,2022-11-27T20:25:56Z,fr,https://static-cdn.jtvnw.net/previews-ttv/live_user_shimoritsu-{width}x{height}.jpg,"['6f655045-9989-4ef7-8f85-1edcec42d648', '1eba3cfe-51cc-460a-8259-bc8bb987f904', '52d7e4cc-633d-46f5-818c-bb59102d9549', 'be60ae5e-d52d-4dc4-b2a1-51c351a35f3d', 'fd8f5e68-42d3-4544-a273-5fc92dabc568']","[]",2022-11-27T21:03:49Z
46346836236,61729183,xenon59510,xenon59510,490377,Sea of Thieves,live,Le sablier de l'ath√©na ! ( !discord | !Config ),8,2022-11-27T13:00:37Z,fr,https://static-cdn.jtvnw.net/previews-ttv/live_user_xenon59510-{width}x{height}.jpg,"['6f655045-9989-4ef7-8f85-1edcec42d648', '52d7e4cc-633d-46f5-818c-bb59102d9549', 'be60ae5e-d52d-4dc4-b2a1-51c351a35f3d']","[]",2022-11-27T21:12:07Z
40121969864,119120450,tsukagami,Tsukagami,512953,Elden Ring,live,[Co-op] En route vers la Mort !,1,2022-11-27T18:30:06Z,fr,https://static-cdn.jtvnw.net/previews-ttv/live_user_tsukagami-{width}x{height}.jpg,"['6f655045-9989-4ef7-8f85-1edcec42d648', '807277ea-cbd7-46fc-8b96-bc4d7ccb55de', '9e1c4d59-fb88-4b42-99ce-b2776358c547', '81e9d348-82e5-4c4f-a140-d2b3779b912d', '52d7e4cc-633d-46f5-818c-bb59102d9549', '8bbdb07d-df18-4f82-a928-04a9003e9a7e']","[]",2022-11-27T21:20:18Z
40549738409,101019516,misslouvely,MissLouvely,1420,Half-Life 2,live,La moiti√© d'une vie 2 - #2,12,2022-11-27T20:27:16Z,fr,https://static-cdn.jtvnw.net/previews-ttv/live_user_misslouvely-{width}x{height}.jpg,"['6f655045-9989-4ef7-8f85-1edcec42d648', '8ba227ca-073c-46a7-b3cc-193e52c5ab4d', '8282259b-a997-4c63-b908-24027f64ac9a', 'eaba0ad7-c4e1-4878-b37f-01308dbb65c8', '7acaeacc-42dc-41d4-b461-87468f1ad551', '52d7e4cc-633d-46f5-818c-bb59102d9549']","[]",2022-11-27T21:25:13Z
40121982904,193029532,zilvinesthedark,zilvinesthedark,516575,VALORANT,live,chill (fr-en VTuber),3,2022-11-27T18:32:37Z,fr,https://static-cdn.jtvnw.net/previews-ttv/live_user_zilvinesthedark-{width}x{height}.jpg,"['6f655045-9989-4ef7-8f85-1edcec42d648', '807277ea-cbd7-46fc-8b96-bc4d7ccb55de', '52d7e4cc-633d-46f5-818c-bb59102d9549', '63e83904-a70b-4709-b963-a37a105d9932']","[]",2022-11-27T21:33:24Z
46348034060,808237766,kaazura_,Kaazura_,27471,Minecraft,live,FR [ Vtuber ] New Avatar !! Petit Live chill,6,2022-11-27T17:54:21Z,fr,https://static-cdn.jtvnw.net/previews-ttv/live_user_kaazura_-{width}x{height}.jpg,"['6f655045-9989-4ef7-8f85-1edcec42d648', '52d7e4cc-633d-46f5-818c-bb59102d9549', 'be60ae5e-d52d-4dc4-b2a1-51c351a35f3d']","[]",2022-11-27T21:52:25Z
46348608300,103352726,octoloth,Octoloth,509659,ASMR,live,üå∏[VTUBEUSE FR]üå∏ ASMR sous l'oc√©ean~ üêô,30,2022-11-27T20:06:27Z,fr,https://static-cdn.jtvnw.net/previews-ttv/live_user_octoloth-{width}x{height}.jpg,"['6f655045-9989-4ef7-8f85-1edcec42d648', '52d7e4cc-633d-46f5-818c-bb59102d9549', 'adc4a830-07f5-457b-95e5-5ab6cc1f9af3', 'be60ae5e-d52d-4dc4-b2a1-51c351a35f3d']","[]",2022-11-27T21:59:52Z
46348894524,111680092,dracksnard,Dracksnard,21779,League of Legends,live,Main adc ft Shiraoky,1,2022-11-27T21:18:52Z,fr,https://static-cdn.jtvnw.net/previews-ttv/live_user_dracksnard-{width}x{height}.jpg,"['6f655045-9989-4ef7-8f85-1edcec42d648', 'ff56eeeb-99ed-4a60-93fc-0b3f05d8661e', '52d7e4cc-633d-46f5-818c-bb59102d9549']","[]",2022-11-27T22:04:16Z
46348756220,631620857,lootrrr,Lootrrr,27471,Minecraft,live,{vtuber FR/EN}Minecraft (RTX !) avec Docondo,1,2022-11-27T20:44:08Z,fr,https://static-cdn.jtvnw.net/previews-ttv/live_user_lootrrr-{width}x{height}.jpg,"['52d7e4cc-633d-46f5-818c-bb59102d9549', '6f655045-9989-4ef7-8f85-1edcec42d648']","[]",2022-11-27T22:14:23Z
46348740860,80748795,zeburiall,ZebUriall,31761,Dragon Age: Inquisition,live,Moi vs les Gardes ! [Vtuber FR] !discord,6,2022-11-27T20:39:38Z,fr,https://static-cdn.jtvnw.net/previews-ttv/live_user_zeburiall-{width}x{height}.jpg,"['6f655045-9989-4ef7-8f85-1edcec42d648', '52d7e4cc-633d-46f5-818c-bb59102d9549']","[]",2022-11-27T22:51:18Z
46348612732,160994674,minestia,minestia,2066107586,Escape the Backrooms,live,On va se perdre,4,2022-11-27T20:07:22Z,fr,https://static-cdn.jtvnw.net/previews-ttv/live_user_minestia-{width}x{height}.jpg,"['6f655045-9989-4ef7-8f85-1edcec42d648', '02ba4017-ed3b-4b82-ab20-011860784f77', '52d7e4cc-633d-46f5-818c-bb59102d9549', '6606e54c-f92d-40f6-8257-74977889ccdd', 'be60ae5e-d52d-4dc4-b2a1-51c351a35f3d']","[]",2022-11-27T22:53:56Z
46348582332,824233605,gadrel_redfang,Gadrel_Redfang,516173984,Cult of the Lamb,live,[Cult of the Lamp]: Le retour du culte de la gaufre sacr√©e,2,2022-11-27T20:01:25Z,fr,https://static-cdn.jtvnw.net/previews-ttv/live_user_gadrel_redfang-{width}x{height}.jpg,"['6f655045-9989-4ef7-8f85-1edcec42d648', 'be60ae5e-d52d-4dc4-b2a1-51c351a35f3d', '52d7e4cc-633d-46f5-818c-bb59102d9549', '81e9d348-82e5-4c4f-a140-d2b3779b912d']","[]",2022-11-27T23:10:15Z
46346702636,278725660,leandrolelapin81,LeandroLeLapin81,2692,Super Mario 64,live,|VtuberFR| Je retente speedrun SM64: Stream 12h!/ !instagram !tiktok !discord,1,2022-11-27T12:19:59Z,fr,https://static-cdn.jtvnw.net/previews-ttv/live_user_leandrolelapin81-{width}x{height}.jpg,"['6f655045-9989-4ef7-8f85-1edcec42d648', '52d7e4cc-633d-46f5-818c-bb59102d9549', '591a48c3-8319-4286-8385-4e423f408d9a', '9e1c4d59-fb88-4b42-99ce-b2776358c547', '67259b26-ff83-444e-9d3c-faab390df16f']","[]",2022-11-27T23:10:15Z
46348958940,674305625,nebuliatv,NebuliaTv,19257,A New Beginning,live,Nebulia TV <petit live nocturne>  on cause et on joue,4,2022-11-27T21:36:39Z,fr,https://static-cdn.jtvnw.net/previews-ttv/live_user_nebuliatv-{width}x{height}.jpg,"['6f655045-9989-4ef7-8f85-1edcec42d648', 'be60ae5e-d52d-4dc4-b2a1-51c351a35f3d', '52d7e4cc-633d-46f5-818c-bb59102d9549', '2fd30cb8-f2e5-415d-9d42-1316cfa61367']","[]",2022-11-27T23:11:26Z
46348613660,52493622,jalyshbles,Jalyshbles,491487,Dead by Daylight,live,(vtuber)(FR/PC) soir√©e horreur !!,1,2022-11-27T20:07:33Z,fr,https://static-cdn.jtvnw.net/previews-ttv/live_user_jalyshbles-{width}x{height}.jpg,"['6f655045-9989-4ef7-8f85-1edcec42d648', '52d7e4cc-633d-46f5-818c-bb59102d9549']","[]",2022-11-27T23:18:27Z
40550291641,185737374,nekofluufy,nekofluufy,513181,Genshin Impact,live,nyah nyah,1,2022-11-27T22:16:49Z,fr,https://static-cdn.jtvnw.net/previews-ttv/live_user_nekofluufy-{width}x{height}.jpg,"['6f655045-9989-4ef7-8f85-1edcec42d648', '8bbdb07d-df18-4f82-a928-04a9003e9a7e', '315618b7-c996-443d-a993-e8d5cdb5d1bd', '52d7e4cc-633d-46f5-818c-bb59102d9549']","[]",2022-11-27T23:29:50Z
46349017916,493944627,kirby_chimmy,kirby_chimmy,516575,VALORANT,live,[VTUBERFR] Control my valorant and new chanelpoint,5,2022-11-27T21:56:01Z,fr,https://static-cdn.jtvnw.net/previews-ttv/live_user_kirby_chimmy-{width}x{height}.jpg,"['6f655045-9989-4ef7-8f85-1edcec42d648', '52d7e4cc-633d-46f5-818c-bb59102d9549', 'be60ae5e-d52d-4dc4-b2a1-51c351a35f3d', '8bbdb07d-df18-4f82-a928-04a9003e9a7e', '4c15e802-ee32-4145-8375-28ca39cd6560', 'b6b64b15-447c-4178-9609-d3d511123521']","[]",2022-11-28T00:01:39Z
46348816236,469870510,missrider666,MissRider666,515025,Overwatch 2,live,[Girl/PC/VR] dogwater (!discord) (!insta),1,2022-11-27T21:00:33Z,fr,https://static-cdn.jtvnw.net/previews-ttv/live_user_missrider666-{width}x{height}.jpg,"['6f655045-9989-4ef7-8f85-1edcec42d648', '8486f56b-8677-44f7-8004-000295391524', 'ad18ee82-c0b2-46d4-b4f9-d45994443bd7', 'ff56eeeb-99ed-4a60-93fc-0b3f05d8661e', '52d7e4cc-633d-46f5-818c-bb59102d9549', '54b544af-2d0e-4d17-a653-78e3f6fc1fc8']","[]",2022-11-28T00:11:44Z
46349306556,38047056,deadmiette,deadmiette,515025,Overwatch 2,live,Viens chill avec moi bg !,0,2022-11-28T00:23:49Z,fr,https://static-cdn.jtvnw.net/previews-ttv/live_user_deadmiette-{width}x{height}.jpg,"['52d7e4cc-633d-46f5-818c-bb59102d9549', '6f655045-9989-4ef7-8f85-1edcec42d648']","[]",2022-11-28T00:25:12Z
40550291641,185737374,nekofluufy,nekofluufy,513181,Genshin Impact,live,nyah nyah,1,2022-11-27T22:16:49Z,fr,https://static-cdn.jtvnw.net/previews-ttv/live_user_nekofluufy-{width}x{height}.jpg,"['6f655045-9989-4ef7-8f85-1edcec42d648', '52d7e4cc-633d-46f5-818c-bb59102d9549', '315618b7-c996-443d-a993-e8d5cdb5d1bd', '8bbdb07d-df18-4f82-a928-04a9003e9a7e']","[]",2022-11-28T00:31:52Z
46348945948,782081921,french_mugiwara,french_mugiwara,515386,Skul: The Hero Slayer,live,Semi-D√©couverte | Discution chill {NOUVEAU !} Vtuber !,2,2022-11-27T21:33:19Z,fr,https://static-cdn.jtvnw.net/previews-ttv/live_user_french_mugiwara-{width}x{height}.jpg,"['6f655045-9989-4ef7-8f85-1edcec42d648', 'be60ae5e-d52d-4dc4-b2a1-51c351a35f3d', '52d7e4cc-633d-46f5-818c-bb59102d9549']","[]",2022-11-28T01:19:23Z
46348958940,674305625,nebuliatv,NebuliaTv,19257,A New Beginning,live,Nebulia TV <petit live nocturne>  on cause et on joue,2,2022-11-27T21:36:39Z,fr,https://static-cdn.jtvnw.net/previews-ttv/live_user_nebuliatv-{width}x{height}.jpg,"['6f655045-9989-4ef7-8f85-1edcec42d648', 'be60ae5e-d52d-4dc4-b2a1-51c351a35f3d', '52d7e4cc-633d-46f5-818c-bb59102d9549', '2fd30cb8-f2e5-415d-9d42-1316cfa61367']","[]",2022-11-28T02:20:03Z
40123059304,143159680,neatlovin,NeatLovin,511224,Apex Legends,live,[FR] Ranked SoloQ chill | Road2Diam | !rs !sensi,3,2022-11-28T01:35:27Z,fr,https://static-cdn.jtvnw.net/previews-ttv/live_user_neatlovin-{width}x{height}.jpg,"['6f655045-9989-4ef7-8f85-1edcec42d648', 'ff56eeeb-99ed-4a60-93fc-0b3f05d8661e', 'fd8f5e68-42d3-4544-a273-5fc92dabc568', '8486f56b-8677-44f7-8004-000295391524', '54b544af-2d0e-4d17-a653-78e3f6fc1fc8', '52d7e4cc-633d-46f5-818c-bb59102d9549']","[]",2022-11-28T02:49:59Z
46347776684,264360234,oreilyne,Oreilyne,518184,Phasmophobia,live,+18 | Alcool + Phasmophobia =               #FeatZenkachu,3,2022-11-27T16:54:24Z,fr,https://static-cdn.jtvnw.net/previews-ttv/live_user_oreilyne-{width}x{height}.jpg,"['6f655045-9989-4ef7-8f85-1edcec42d648', 'd47ba636-e313-4887-ad18-237ef81a5161', '52d7e4cc-633d-46f5-818c-bb59102d9549', 'be60ae5e-d52d-4dc4-b2a1-51c351a35f3d', 'cc8d5abb-39c9-4942-a1ee-e1558512119e', 'adc4a830-07f5-457b-95e5-5ab6cc1f9af3']","[]",2022-11-28T06:02:28Z
